,SEM_PRI,0,1,2,3,4,CASES
0,200701,28.0,0.0,0.0,1.0,0.0,29.0
1,200702,44.0,0.0,0.0,3.0,0.0,47.0
2,200703,62.0,0.0,0.0,5.0,0.0,67.0
3,200704,93.0,0.0,0.0,0.0,0.0,93.0
4,200705,138.0,0.0,0.0,0.0,0.0,138.0
5,200706,154.0,0.0,0.0,0.0,0.0,154.0
6,200707,149.0,0.0,0.0,0.0,0.0,149.0
7,200708,151.0,0.0,0.0,0.0,0.0,151.0
8,200709,204.0,0.0,0.0,1.0,0.0,205.0
9,200710,230.0,0.0,0.0,2.0,0.0,232.0
10,200711,297.0,0.0,0.0,0.0,0.0,297.0
11,200712,320.0,0.0,0.0,0.0,0.0,320.0
12,200713,269.0,0.0,0.0,0.0,0.0,269.0
13,200714,230.0,0.0,0.0,3.0,0.0,233.0
14,200715,276.0,0.0,1.0,1.0,0.0,278.0
15,200716,219.0,0.0,1.0,3.0,0.0,223.0
16,200717,172.0,0.0,0.0,1.0,0.0,173.0
17,200718,309.0,0.0,1.0,0.0,0.0,310.0
18,200719,339.0,0.0,0.0,1.0,0.0,340.0
19,200720,225.0,0.0,0.0,2.0,0.0,227.0
20,200721,256.0,0.0,0.0,0.0,0.0,256.0
21,200722,153.0,0.0,0.0,0.0,0.0,153.0
22,200723,157.0,0.0,0.0,0.0,0.0,157.0
23,200724,214.0,0.0,1.0,0.0,0.0,215.0
24,200725,156.0,0.0,0.0,0.0,0.0,156.0
25,200726,119.0,0.0,1.0,0.0,0.0,120.0
26,200727,64.0,0.0,0.0,0.0,0.0,64.0
27,200728,78.0,0.0,0.0,0.0,0.0,78.0
28,200729,81.0,0.0,0.0,0.0,0.0,81.0
29,200730,87.0,0.0,1.0,0.0,0.0,88.0
30,200731,63.0,0.0,0.0,1.0,0.0,64.0
31,200732,72.0,0.0,1.0,0.0,0.0,73.0
32,200733,47.0,0.0,1.0,0.0,0.0,48.0
33,200734,38.0,0.0,0.0,0.0,0.0,38.0
34,200735,59.0,0.0,0.0,0.0,0.0,59.0
35,200736,25.0,0.0,0.0,0.0,0.0,25.0
36,200737,39.0,0.0,0.0,0.0,0.0,39.0
37,200738,42.0,0.0,0.0,0.0,0.0,42.0
38,200739,28.0,0.0,0.0,0.0,0.0,28.0
39,200740,18.0,0.0,0.0,0.0,0.0,18.0
40,200741,25.0,0.0,0.0,0.0,0.0,25.0
41,200742,35.0,0.0,0.0,0.0,0.0,35.0
42,200743,38.0,0.0,0.0,0.0,0.0,38.0
43,200744,49.0,0.0,1.0,0.0,0.0,50.0
44,200745,71.0,0.0,2.0,0.0,0.0,73.0
45,200746,88.0,0.0,0.0,1.0,0.0,89.0
46,200747,138.0,0.0,0.0,1.0,0.0,139.0
47,200748,120.0,0.0,0.0,3.0,0.0,123.0
48,200749,131.0,0.0,1.0,1.0,0.0,133.0
49,200750,208.0,0.0,1.0,0.0,0.0,209.0
50,200751,248.0,0.0,0.0,1.0,0.0,249.0
51,200752,229.0,0.0,0.0,0.0,0.0,229.0
52,200801,557.0,0.0,1.0,0.0,0.0,558.0
53,200802,740.0,0.0,2.0,1.0,0.0,743.0
54,200803,946.0,0.0,0.0,0.0,0.0,946.0
55,200804,956.0,0.0,5.0,0.0,0.0,961.0
56,200805,670.0,0.0,1.0,0.0,0.0,671.0
57,200806,824.0,0.0,4.0,2.0,0.0,830.0
58,200807,1076.0,0.0,5.0,3.0,0.0,1084.0
59,200808,1404.0,0.0,5.0,0.0,0.0,1409.0
60,200809,1708.0,0.0,5.0,0.0,0.0,1713.0
61,200810,2343.0,0.0,9.0,1.0,0.0,2353.0
62,200811,2751.0,0.0,14.0,2.0,0.0,2767.0
63,200812,2535.0,0.0,3.0,0.0,0.0,2538.0
64,200813,3978.0,0.0,11.0,0.0,0.0,3989.0
65,200814,3426.0,0.0,3.0,0.0,0.0,3429.0
66,200815,2543.0,0.0,0.0,0.0,0.0,2543.0
67,200816,1923.0,0.0,2.0,0.0,0.0,1925.0
68,200817,1385.0,0.0,2.0,0.0,0.0,1387.0
69,200818,889.0,0.0,2.0,0.0,0.0,891.0
70,200819,638.0,0.0,0.0,0.0,0.0,638.0
71,200820,403.0,0.0,2.0,0.0,0.0,405.0
72,200821,257.0,0.0,0.0,0.0,0.0,257.0
73,200822,202.0,0.0,2.0,0.0,0.0,204.0
74,200823,80.0,0.0,0.0,0.0,0.0,80.0
75,200824,110.0,0.0,1.0,0.0,0.0,111.0
76,200825,68.0,0.0,0.0,0.0,0.0,68.0
77,200826,36.0,0.0,0.0,0.0,0.0,36.0
78,200827,36.0,0.0,0.0,0.0,0.0,36.0
79,200828,24.0,0.0,0.0,0.0,0.0,24.0
80,200829,35.0,0.0,0.0,0.0,0.0,35.0
81,200830,69.0,0.0,0.0,0.0,0.0,69.0
82,200831,12.0,0.0,0.0,0.0,0.0,12.0
83,200832,28.0,0.0,0.0,0.0,0.0,28.0
84,200833,12.0,0.0,0.0,0.0,0.0,12.0
85,200834,15.0,0.0,0.0,0.0,0.0,15.0
86,200835,6.0,0.0,0.0,0.0,0.0,6.0
87,200836,11.0,0.0,0.0,0.0,0.0,11.0
88,200837,18.0,0.0,0.0,0.0,0.0,18.0
89,200838,5.0,0.0,0.0,1.0,0.0,6.0
90,200839,15.0,0.0,0.0,0.0,0.0,15.0
91,200840,8.0,0.0,0.0,0.0,0.0,8.0
92,200841,8.0,0.0,0.0,0.0,0.0,8.0
93,200842,24.0,0.0,0.0,0.0,0.0,24.0
94,200843,22.0,0.0,0.0,0.0,0.0,22.0
95,200844,18.0,0.0,0.0,0.0,0.0,18.0
96,200845,28.0,0.0,0.0,0.0,0.0,28.0
97,200846,36.0,0.0,0.0,0.0,0.0,36.0
98,200847,55.0,0.0,0.0,0.0,0.0,55.0
99,200848,39.0,0.0,0.0,0.0,0.0,39.0
100,200849,62.0,0.0,0.0,0.0,0.0,62.0
101,200850,42.0,0.0,0.0,0.0,0.0,42.0
102,200851,40.0,0.0,0.0,0.0,0.0,40.0
103,200852,33.0,0.0,0.0,0.0,0.0,33.0
104,200853,35.0,0.0,0.0,0.0,0.0,35.0
105,200901,24.0,0.0,0.0,0.0,0.0,24.0
106,200902,44.0,0.0,0.0,0.0,0.0,44.0
107,200903,34.0,0.0,0.0,0.0,0.0,34.0
108,200904,42.0,0.0,1.0,0.0,0.0,43.0
109,200905,73.0,0.0,0.0,0.0,0.0,73.0
110,200906,66.0,0.0,0.0,0.0,0.0,66.0
111,200907,32.0,0.0,0.0,0.0,0.0,32.0
112,200908,19.0,0.0,0.0,0.0,0.0,19.0
113,200909,32.0,0.0,0.0,0.0,0.0,32.0
114,200910,26.0,0.0,0.0,0.0,0.0,26.0
115,200911,36.0,0.0,0.0,0.0,0.0,36.0
116,200912,26.0,0.0,0.0,0.0,0.0,26.0
117,200913,13.0,0.0,0.0,0.0,0.0,13.0
118,200914,16.0,0.0,0.0,0.0,0.0,16.0
119,200915,10.0,0.0,0.0,0.0,0.0,10.0
120,200916,9.0,0.0,0.0,0.0,0.0,9.0
121,200917,7.0,0.0,0.0,0.0,0.0,7.0
122,200918,7.0,0.0,0.0,0.0,0.0,7.0
123,200919,10.0,0.0,0.0,0.0,0.0,10.0
124,200920,6.0,0.0,0.0,0.0,0.0,6.0
125,200921,7.0,0.0,0.0,0.0,0.0,7.0
126,200922,8.0,0.0,0.0,0.0,0.0,8.0
127,200923,21.0,0.0,0.0,0.0,0.0,21.0
128,200924,11.0,0.0,0.0,0.0,0.0,11.0
129,200925,1.0,0.0,0.0,0.0,0.0,1.0
130,200926,8.0,0.0,0.0,0.0,0.0,8.0
131,200927,9.0,0.0,0.0,0.0,0.0,9.0
132,200928,4.0,0.0,0.0,0.0,0.0,4.0
133,200929,2.0,0.0,0.0,0.0,0.0,2.0
134,200930,2.0,0.0,0.0,0.0,0.0,2.0
135,200931,2.0,0.0,0.0,0.0,0.0,2.0
136,200932,1.0,0.0,0.0,0.0,0.0,1.0
137,200933,3.0,0.0,0.0,0.0,0.0,3.0
138,200934,1.0,0.0,0.0,0.0,0.0,1.0
139,200935,3.0,0.0,2.0,0.0,0.0,5.0
140,200936,1.0,0.0,0.0,0.0,0.0,1.0
141,200937,0.0,0.0,0.0,0.0,0.0,0.0
142,200938,2.0,0.0,0.0,0.0,0.0,2.0
143,200939,1.0,0.0,0.0,0.0,0.0,1.0
144,200940,3.0,0.0,0.0,0.0,0.0,3.0
145,200941,3.0,0.0,0.0,0.0,0.0,3.0
146,200942,5.0,0.0,0.0,0.0,0.0,5.0
147,200943,4.0,0.0,0.0,0.0,0.0,4.0
148,200944,6.0,0.0,0.0,0.0,0.0,6.0
149,200945,8.0,0.0,0.0,0.0,0.0,8.0
150,200946,5.0,0.0,0.0,0.0,0.0,5.0
151,200947,5.0,0.0,0.0,0.0,0.0,5.0
152,200948,4.0,0.0,0.0,0.0,0.0,4.0
153,200949,4.0,0.0,0.0,1.0,0.0,5.0
154,200950,10.0,0.0,0.0,0.0,0.0,10.0
155,200951,7.0,0.0,0.0,0.0,0.0,7.0
156,200952,10.0,0.0,0.0,0.0,0.0,10.0
157,201001,13.0,0.0,0.0,0.0,0.0,13.0
158,201002,19.0,0.0,0.0,0.0,0.0,19.0
159,201003,17.0,2.0,0.0,0.0,0.0,19.0
160,201004,25.0,0.0,0.0,0.0,0.0,25.0
161,201005,29.0,0.0,0.0,0.0,0.0,29.0
162,201006,24.0,0.0,0.0,0.0,0.0,24.0
163,201007,35.0,0.0,0.0,0.0,0.0,35.0
164,201008,35.0,0.0,1.0,0.0,0.0,36.0
165,201009,43.0,0.0,0.0,0.0,0.0,43.0
166,201010,38.0,0.0,1.0,0.0,0.0,39.0
167,201011,33.0,0.0,0.0,0.0,0.0,33.0
168,201012,51.0,0.0,0.0,0.0,0.0,51.0
169,201013,46.0,0.0,0.0,0.0,0.0,46.0
170,201014,43.0,0.0,0.0,0.0,0.0,43.0
171,201015,48.0,0.0,1.0,0.0,0.0,49.0
172,201016,65.0,0.0,0.0,0.0,0.0,65.0
173,201017,79.0,0.0,3.0,0.0,0.0,82.0
174,201018,93.0,2.0,0.0,0.0,0.0,95.0
175,201019,71.0,1.0,1.0,0.0,0.0,73.0
176,201020,84.0,0.0,0.0,1.0,0.0,85.0
177,201021,71.0,1.0,0.0,0.0,0.0,72.0
178,201022,48.0,0.0,0.0,0.0,0.0,48.0
179,201023,32.0,0.0,0.0,0.0,0.0,32.0
180,201024,56.0,0.0,0.0,0.0,0.0,56.0
181,201025,40.0,0.0,0.0,0.0,0.0,40.0
182,201026,46.0,0.0,0.0,0.0,0.0,46.0
183,201027,47.0,1.0,0.0,0.0,0.0,48.0
184,201028,48.0,0.0,0.0,0.0,0.0,48.0
185,201029,38.0,0.0,1.0,0.0,0.0,39.0
186,201030,67.0,1.0,0.0,0.0,0.0,68.0
187,201031,52.0,0.0,0.0,0.0,0.0,52.0
188,201032,57.0,0.0,0.0,0.0,0.0,57.0
189,201033,33.0,0.0,0.0,0.0,0.0,33.0
190,201034,32.0,0.0,0.0,0.0,0.0,32.0
191,201035,21.0,0.0,0.0,1.0,0.0,22.0
192,201036,31.0,0.0,0.0,0.0,0.0,31.0
193,201037,38.0,0.0,0.0,0.0,0.0,38.0
194,201038,24.0,0.0,0.0,0.0,0.0,24.0
195,201039,25.0,0.0,0.0,0.0,0.0,25.0
196,201040,22.0,0.0,0.0,0.0,0.0,22.0
197,201041,19.0,0.0,0.0,0.0,0.0,19.0
198,201042,22.0,0.0,0.0,0.0,0.0,22.0
199,201043,33.0,0.0,0.0,0.0,0.0,33.0
200,201044,47.0,0.0,0.0,0.0,0.0,47.0
201,201045,44.0,0.0,0.0,0.0,0.0,44.0
202,201046,53.0,1.0,0.0,1.0,0.0,55.0
203,201047,74.0,0.0,1.0,0.0,0.0,75.0
204,201048,87.0,2.0,0.0,1.0,0.0,90.0
205,201049,109.0,0.0,0.0,0.0,0.0,109.0
206,201050,166.0,3.0,0.0,0.0,0.0,169.0
207,201051,128.0,2.0,0.0,0.0,0.0,130.0
208,201052,116.0,1.0,0.0,0.0,0.0,117.0
209,201101,252.0,1.0,0.0,0.0,0.0,253.0
210,201102,328.0,2.0,0.0,0.0,0.0,330.0
211,201103,334.0,3.0,0.0,0.0,0.0,337.0
212,201104,543.0,9.0,0.0,0.0,0.0,552.0
213,201105,904.0,4.0,0.0,0.0,0.0,908.0
214,201106,1465.0,2.0,0.0,0.0,0.0,1467.0
215,201107,1822.0,5.0,2.0,0.0,0.0,1829.0
216,201108,1966.0,3.0,1.0,0.0,0.0,1970.0
217,201109,1809.0,7.0,0.0,1.0,0.0,1817.0
218,201110,1861.0,3.0,0.0,0.0,0.0,1864.0
219,201111,3110.0,7.0,1.0,0.0,0.0,3118.0
220,201112,4791.0,4.0,2.0,0.0,0.0,4797.0
221,201113,4556.0,2.0,0.0,0.0,0.0,4558.0
222,201114,4823.0,10.0,0.0,0.0,0.0,4833.0
223,201115,3950.0,11.0,1.0,0.0,0.0,3962.0
224,201116,4316.0,5.0,2.0,0.0,0.0,4323.0
225,201117,5664.0,8.0,2.0,0.0,0.0,5674.0
226,201118,4679.0,9.0,1.0,0.0,0.0,4689.0
227,201119,4282.0,7.0,0.0,0.0,0.0,4289.0
228,201120,3433.0,4.0,0.0,0.0,0.0,3437.0
229,201121,2618.0,2.0,0.0,0.0,0.0,2620.0
230,201122,2212.0,1.0,0.0,0.0,0.0,2213.0
231,201123,1366.0,1.0,0.0,0.0,0.0,1367.0
232,201124,1016.0,0.0,0.0,0.0,0.0,1016.0
233,201125,629.0,1.0,0.0,0.0,0.0,630.0
234,201126,510.0,0.0,0.0,0.0,0.0,510.0
235,201127,349.0,1.0,0.0,0.0,0.0,350.0
236,201128,292.0,0.0,0.0,0.0,0.0,292.0
237,201129,208.0,0.0,0.0,0.0,0.0,208.0
238,201130,186.0,1.0,0.0,0.0,0.0,187.0
239,201131,138.0,1.0,0.0,0.0,0.0,139.0
240,201132,145.0,0.0,0.0,0.0,0.0,145.0
241,201133,147.0,0.0,0.0,0.0,0.0,147.0
242,201134,102.0,0.0,0.0,0.0,0.0,102.0
243,201135,92.0,0.0,0.0,0.0,0.0,92.0
244,201136,118.0,0.0,0.0,0.0,0.0,118.0
245,201137,125.0,1.0,0.0,0.0,0.0,126.0
246,201138,179.0,0.0,0.0,0.0,0.0,179.0
247,201139,208.0,0.0,0.0,0.0,0.0,208.0
248,201140,199.0,0.0,0.0,0.0,0.0,199.0
249,201141,228.0,0.0,0.0,0.0,0.0,228.0
250,201142,199.0,1.0,0.0,0.0,0.0,200.0
251,201143,273.0,0.0,0.0,0.0,0.0,273.0
252,201144,242.0,0.0,0.0,0.0,0.0,242.0
253,201145,310.0,0.0,0.0,0.0,0.0,310.0
254,201146,293.0,1.0,0.0,0.0,0.0,294.0
255,201147,478.0,1.0,0.0,0.0,0.0,479.0
256,201148,467.0,1.0,0.0,0.0,0.0,468.0
257,201149,601.0,5.0,0.0,0.0,0.0,606.0
258,201150,710.0,5.0,0.0,0.0,0.0,715.0
259,201151,523.0,2.0,0.0,0.0,0.0,525.0
260,201152,492.0,3.0,0.0,0.0,3.0,498.0
261,201201,432.0,1.0,0.0,0.0,1.0,434.0
262,201202,309.0,3.0,0.0,0.0,4.0,316.0
263,201203,292.0,3.0,0.0,0.0,8.0,303.0
264,201204,290.0,2.0,0.0,0.0,12.0,304.0
265,201205,311.0,3.0,0.0,0.0,11.0,325.0
266,201206,344.0,7.0,0.0,0.0,23.0,374.0
267,201207,399.0,2.0,0.0,1.0,33.0,435.0
268,201208,523.0,3.0,0.0,0.0,21.0,547.0
269,201209,716.0,1.0,0.0,0.0,36.0,753.0
270,201210,952.0,2.0,0.0,0.0,36.0,990.0
271,201211,1182.0,1.0,0.0,0.0,36.0,1219.0
272,201212,1720.0,2.0,0.0,0.0,30.0,1752.0
273,201213,2249.0,0.0,0.0,0.0,10.0,2259.0
274,201214,2421.0,0.0,0.0,0.0,19.0,2440.0
275,201215,2999.0,0.0,0.0,0.0,14.0,3013.0
276,201216,3799.0,0.0,0.0,0.0,16.0,3815.0
277,201217,3857.0,0.0,0.0,0.0,16.0,3873.0
278,201218,2954.0,0.0,0.0,0.0,10.0,2964.0
279,201219,2639.0,0.0,0.0,1.0,13.0,2653.0
280,201220,1970.0,0.0,0.0,0.0,7.0,1977.0
281,201221,1698.0,0.0,0.0,0.0,6.0,1704.0
282,201222,1130.0,0.0,0.0,0.0,7.0,1137.0
283,201223,790.0,2.0,0.0,0.0,2.0,794.0
284,201224,588.0,0.0,0.0,0.0,2.0,590.0
285,201225,420.0,0.0,0.0,0.0,1.0,421.0
286,201226,262.0,0.0,0.0,0.0,1.0,263.0
287,201227,200.0,0.0,0.0,0.0,3.0,203.0
288,201228,102.0,0.0,0.0,0.0,0.0,102.0
289,201229,83.0,0.0,0.0,0.0,0.0,83.0
290,201230,59.0,0.0,0.0,0.0,0.0,59.0
291,201231,96.0,0.0,0.0,0.0,1.0,97.0
292,201232,77.0,0.0,0.0,0.0,1.0,78.0
293,201233,77.0,0.0,0.0,0.0,1.0,78.0
294,201234,77.0,0.0,0.0,0.0,0.0,77.0
295,201235,37.0,0.0,0.0,0.0,2.0,39.0
296,201236,27.0,0.0,0.0,0.0,0.0,27.0
297,201237,49.0,0.0,0.0,0.0,0.0,49.0
298,201238,48.0,0.0,0.0,0.0,0.0,48.0
299,201239,28.0,0.0,0.0,0.0,0.0,28.0
300,201240,38.0,0.0,0.0,0.0,2.0,40.0
301,201241,35.0,0.0,0.0,0.0,1.0,36.0
302,201242,38.0,0.0,0.0,0.0,0.0,38.0
303,201243,36.0,0.0,0.0,0.0,1.0,37.0
304,201244,39.0,0.0,0.0,1.0,0.0,40.0
305,201245,32.0,0.0,0.0,0.0,0.0,32.0
306,201246,18.0,0.0,0.0,0.0,0.0,18.0
307,201247,33.0,0.0,0.0,0.0,0.0,33.0
308,201248,46.0,1.0,0.0,0.0,0.0,47.0
309,201249,50.0,0.0,0.0,0.0,0.0,50.0
310,201250,83.0,0.0,0.0,1.0,6.0,90.0
311,201251,56.0,0.0,0.0,0.0,1.0,57.0
312,201252,81.0,2.0,0.0,0.0,3.0,86.0
313,201301,155.0,0.0,0.0,0.0,0.0,155.0
314,201302,230.0,0.0,0.0,0.0,5.0,235.0
315,201303,226.0,1.0,0.0,0.0,0.0,227.0
316,201304,275.0,0.0,0.0,0.0,5.0,280.0
317,201305,345.0,0.0,0.0,0.0,0.0,345.0
318,201306,293.0,0.0,0.0,0.0,3.0,296.0
319,201307,473.0,0.0,0.0,0.0,11.0,484.0
320,201308,837.0,0.0,0.0,0.0,16.0,853.0
321,201309,1438.0,1.0,0.0,0.0,23.0,1462.0
322,201310,2082.0,0.0,0.0,0.0,11.0,2093.0
323,201311,2793.0,0.0,0.0,0.0,11.0,2804.0
324,201312,2869.0,0.0,0.0,1.0,19.0,2889.0
325,201313,2511.0,1.0,0.0,0.0,11.0,2523.0
326,201314,2723.0,0.0,0.0,2.0,20.0,2745.0
327,201315,2564.0,1.0,0.0,0.0,15.0,2580.0
328,201316,2677.0,0.0,0.0,0.0,5.0,2682.0
329,201317,1912.0,1.0,0.0,1.0,8.0,1922.0
330,201318,895.0,0.0,0.0,0.0,7.0,902.0
331,201319,534.0,0.0,0.0,1.0,6.0,541.0
332,201320,397.0,0.0,0.0,0.0,4.0,401.0
333,201321,285.0,0.0,0.0,0.0,1.0,286.0
334,201322,159.0,0.0,0.0,0.0,5.0,164.0
335,201323,113.0,0.0,0.0,0.0,2.0,115.0
336,201324,112.0,0.0,0.0,0.0,2.0,114.0
337,201325,109.0,0.0,0.0,0.0,0.0,109.0
338,201326,73.0,0.0,0.0,0.0,1.0,74.0
339,201327,53.0,0.0,0.0,0.0,0.0,53.0
340,201328,40.0,0.0,0.0,0.0,0.0,40.0
341,201329,41.0,0.0,0.0,0.0,0.0,41.0
342,201330,16.0,0.0,0.0,0.0,0.0,16.0
343,201331,22.0,0.0,0.0,0.0,0.0,22.0
344,201332,19.0,0.0,0.0,0.0,0.0,19.0
345,201333,10.0,0.0,0.0,0.0,0.0,10.0
346,201334,14.0,0.0,0.0,0.0,0.0,14.0
347,201335,5.0,0.0,0.0,0.0,1.0,6.0
348,201336,9.0,0.0,0.0,0.0,0.0,9.0
349,201337,16.0,0.0,0.0,0.0,0.0,16.0
350,201338,4.0,0.0,0.0,0.0,0.0,4.0
351,201339,14.0,0.0,0.0,0.0,0.0,14.0
352,201340,10.0,0.0,0.0,0.0,0.0,10.0
353,201341,6.0,0.0,0.0,0.0,0.0,6.0
354,201342,12.0,0.0,0.0,0.0,0.0,12.0
355,201343,10.0,0.0,0.0,0.0,0.0,10.0
356,201344,15.0,0.0,0.0,0.0,0.0,15.0
357,201345,9.0,0.0,0.0,0.0,0.0,9.0
358,201346,8.0,0.0,0.0,0.0,0.0,8.0
359,201347,13.0,0.0,0.0,0.0,0.0,13.0
360,201348,17.0,0.0,0.0,0.0,0.0,17.0
361,201349,25.0,0.0,0.0,0.0,0.0,25.0
362,201350,16.0,0.0,0.0,0.0,0.0,16.0
363,201351,8.0,0.0,0.0,0.0,0.0,8.0
364,201352,8.0,0.0,0.0,0.0,0.0,8.0
365,201401,26.0,0.0,0.0,0.0,0.0,26.0
366,201402,35.0,0.0,0.0,0.0,1.0,36.0
367,201403,27.0,0.0,0.0,0.0,0.0,27.0
368,201404,31.0,0.0,0.0,0.0,1.0,32.0
369,201405,23.0,0.0,0.0,0.0,0.0,23.0
370,201406,23.0,0.0,0.0,0.0,0.0,23.0
371,201407,21.0,2.0,0.0,0.0,1.0,24.0
372,201408,27.0,0.0,0.0,0.0,0.0,27.0
373,201409,11.0,0.0,0.0,0.0,0.0,11.0
374,201410,9.0,0.0,0.0,0.0,0.0,9.0
375,201411,21.0,0.0,0.0,0.0,0.0,21.0
376,201412,18.0,0.0,0.0,0.0,0.0,18.0
377,201413,16.0,0.0,0.0,0.0,0.0,16.0
378,201414,16.0,1.0,0.0,0.0,0.0,17.0
379,201415,20.0,0.0,0.0,0.0,1.0,21.0
380,201416,23.0,0.0,0.0,0.0,0.0,23.0
381,201417,20.0,0.0,0.0,0.0,0.0,20.0
382,201418,17.0,0.0,0.0,0.0,0.0,17.0
383,201419,10.0,0.0,0.0,0.0,0.0,10.0
384,201420,19.0,0.0,0.0,0.0,0.0,19.0
385,201421,17.0,0.0,0.0,0.0,0.0,17.0
386,201422,8.0,0.0,0.0,0.0,0.0,8.0
387,201423,19.0,0.0,0.0,0.0,0.0,19.0
388,201424,15.0,0.0,0.0,0.0,0.0,15.0
389,201425,8.0,0.0,0.0,0.0,0.0,8.0
390,201426,12.0,0.0,0.0,0.0,0.0,12.0
391,201427,6.0,0.0,0.0,0.0,0.0,6.0
392,201428,10.0,0.0,0.0,0.0,0.0,10.0
393,201429,11.0,0.0,0.0,0.0,1.0,12.0
394,201430,5.0,0.0,0.0,0.0,0.0,5.0
395,201431,8.0,0.0,0.0,0.0,0.0,8.0
396,201432,7.0,0.0,0.0,0.0,0.0,7.0
397,201433,14.0,0.0,0.0,0.0,0.0,14.0
398,201434,5.0,0.0,0.0,0.0,0.0,5.0
399,201435,9.0,0.0,0.0,0.0,0.0,9.0
400,201436,17.0,0.0,0.0,0.0,0.0,17.0
401,201437,17.0,0.0,0.0,0.0,0.0,17.0
402,201438,15.0,0.0,0.0,0.0,1.0,16.0
403,201439,24.0,0.0,0.0,0.0,1.0,25.0
404,201440,20.0,0.0,0.0,0.0,0.0,20.0
405,201441,14.0,0.0,0.0,0.0,0.0,14.0
406,201442,16.0,0.0,0.0,0.0,0.0,16.0
407,201443,10.0,0.0,0.0,0.0,0.0,10.0
408,201444,18.0,0.0,0.0,0.0,0.0,18.0
409,201445,9.0,1.0,0.0,0.0,0.0,10.0
410,201446,18.0,1.0,0.0,0.0,0.0,19.0
411,201447,15.0,0.0,0.0,0.0,0.0,15.0
412,201448,21.0,0.0,0.0,0.0,0.0,21.0
413,201449,11.0,0.0,0.0,0.0,0.0,11.0
414,201450,6.0,0.0,0.0,0.0,0.0,6.0
415,201451,9.0,0.0,0.0,0.0,1.0,10.0
416,201452,10.0,0.0,0.0,0.0,0.0,10.0
417,201453,10.0,0.0,0.0,0.0,0.0,10.0
418,201501,14.0,2.0,0.0,0.0,0.0,16.0
419,201502,8.0,0.0,0.0,0.0,0.0,8.0
420,201503,16.0,0.0,0.0,0.0,0.0,16.0
421,201504,17.0,0.0,0.0,0.0,0.0,17.0
422,201505,21.0,1.0,0.0,0.0,0.0,22.0
423,201506,18.0,0.0,0.0,0.0,1.0,19.0
424,201507,26.0,1.0,0.0,0.0,0.0,27.0
425,201508,46.0,1.0,0.0,0.0,0.0,47.0
426,201509,66.0,0.0,0.0,0.0,0.0,66.0
427,201510,80.0,3.0,0.0,0.0,0.0,83.0
428,201511,99.0,2.0,1.0,0.0,0.0,102.0
429,201512,110.0,3.0,0.0,0.0,0.0,113.0
430,201513,162.0,4.0,0.0,0.0,0.0,166.0
431,201514,258.0,3.0,0.0,0.0,1.0,262.0
432,201515,229.0,3.0,0.0,0.0,2.0,234.0
433,201516,346.0,3.0,0.0,0.0,0.0,349.0
434,201517,365.0,4.0,0.0,0.0,1.0,370.0
435,201518,295.0,8.0,0.0,0.0,0.0,303.0
436,201519,315.0,4.0,0.0,0.0,1.0,320.0
437,201520,262.0,2.0,0.0,0.0,0.0,264.0
438,201521,271.0,2.0,0.0,0.0,3.0,276.0
439,201522,269.0,5.0,0.0,0.0,2.0,276.0
440,201523,235.0,0.0,0.0,0.0,0.0,235.0
441,201524,232.0,0.0,0.0,0.0,0.0,232.0
442,201525,141.0,1.0,0.0,0.0,0.0,142.0
443,201526,131.0,3.0,0.0,0.0,0.0,134.0
444,201527,97.0,1.0,0.0,0.0,0.0,98.0
445,201528,101.0,1.0,0.0,0.0,0.0,102.0
446,201529,108.0,3.0,0.0,0.0,0.0,111.0
447,201530,83.0,2.0,0.0,0.0,0.0,85.0
448,201531,61.0,0.0,0.0,0.0,0.0,61.0
449,201532,68.0,1.0,0.0,0.0,0.0,69.0
450,201533,42.0,0.0,0.0,0.0,0.0,42.0
451,201534,46.0,0.0,0.0,0.0,0.0,46.0
452,201535,29.0,0.0,0.0,0.0,0.0,29.0
453,201536,24.0,0.0,0.0,0.0,0.0,24.0
454,201537,26.0,0.0,0.0,0.0,0.0,26.0
455,201538,20.0,0.0,0.0,0.0,0.0,20.0
456,201539,26.0,1.0,0.0,0.0,0.0,27.0
457,201540,12.0,0.0,0.0,0.0,0.0,12.0
458,201541,18.0,0.0,0.0,0.0,0.0,18.0
459,201542,22.0,0.0,0.0,0.0,0.0,22.0
460,201543,17.0,0.0,0.0,0.0,0.0,17.0
461,201544,30.0,0.0,0.0,0.0,0.0,30.0
462,201545,40.0,0.0,0.0,0.0,0.0,40.0
463,201546,40.0,0.0,0.0,0.0,0.0,40.0
464,201547,37.0,0.0,0.0,0.0,0.0,37.0
465,201548,61.0,0.0,0.0,0.0,0.0,61.0
466,201549,75.0,1.0,0.0,0.0,0.0,76.0
467,201550,64.0,0.0,0.0,0.0,0.0,64.0
468,201551,57.0,2.0,0.0,0.0,0.0,59.0
469,201552,68.0,0.0,0.0,0.0,0.0,68.0
470,201601,83.0,0.0,0.0,0.0,0.0,83.0
471,201602,55.0,0.0,0.0,0.0,1.0,56.0
472,201603,84.0,0.0,0.0,0.0,0.0,84.0
473,201604,60.0,0.0,0.0,0.0,0.0,60.0
474,201605,55.0,0.0,0.0,0.0,0.0,55.0
475,201606,94.0,0.0,0.0,0.0,0.0,94.0
476,201607,118.0,3.0,0.0,0.0,0.0,121.0
477,201608,100.0,4.0,0.0,0.0,0.0,104.0
478,201609,135.0,0.0,0.0,0.0,0.0,135.0
479,201610,124.0,1.0,0.0,0.0,0.0,125.0
480,201611,123.0,2.0,0.0,0.0,0.0,125.0
481,201612,171.0,4.0,0.0,0.0,0.0,175.0
482,201613,306.0,2.0,0.0,0.0,0.0,308.0
483,201614,368.0,1.0,0.0,0.0,0.0,369.0
484,201615,275.0,3.0,0.0,0.0,0.0,278.0
485,201616,221.0,0.0,0.0,0.0,0.0,221.0
486,201617,184.0,0.0,0.0,0.0,0.0,184.0
487,201618,149.0,0.0,0.0,0.0,0.0,149.0
488,201619,115.0,1.0,0.0,0.0,0.0,116.0
489,201620,74.0,0.0,0.0,0.0,0.0,74.0
490,201621,70.0,0.0,0.0,0.0,0.0,70.0
491,201622,82.0,0.0,0.0,0.0,0.0,82.0
492,201623,89.0,0.0,0.0,0.0,0.0,89.0
493,201624,49.0,0.0,0.0,0.0,0.0,49.0
494,201625,71.0,2.0,0.0,0.0,0.0,73.0
495,201626,93.0,0.0,0.0,0.0,0.0,93.0
496,201627,87.0,0.0,0.0,0.0,0.0,87.0
497,201628,74.0,0.0,0.0,0.0,0.0,74.0
498,201629,68.0,0.0,0.0,0.0,1.0,69.0
499,201630,62.0,0.0,0.0,0.0,2.0,64.0
500,201631,49.0,0.0,0.0,0.0,1.0,50.0
501,201632,32.0,0.0,0.0,0.0,0.0,32.0
502,201633,43.0,0.0,0.0,0.0,0.0,43.0
503,201634,30.0,0.0,0.0,0.0,0.0,30.0
504,201635,34.0,0.0,0.0,0.0,2.0,36.0
505,201636,27.0,0.0,0.0,0.0,0.0,27.0
506,201637,31.0,0.0,0.0,0.0,0.0,31.0
507,201638,27.0,0.0,0.0,0.0,1.0,28.0
508,201639,16.0,0.0,0.0,0.0,0.0,16.0
509,201640,19.0,0.0,0.0,0.0,0.0,19.0
510,201641,19.0,0.0,0.0,0.0,0.0,19.0
511,201642,25.0,0.0,0.0,0.0,0.0,25.0
512,201643,32.0,0.0,0.0,0.0,0.0,32.0
513,201644,23.0,0.0,0.0,0.0,0.0,23.0
514,201645,31.0,0.0,0.0,0.0,0.0,31.0
515,201646,45.0,0.0,0.0,0.0,1.0,46.0
516,201647,52.0,0.0,0.0,0.0,2.0,54.0
517,201648,54.0,0.0,0.0,0.0,1.0,55.0
518,201649,70.0,0.0,0.0,0.0,4.0,74.0
519,201650,65.0,0.0,0.0,0.0,3.0,68.0
520,201651,93.0,0.0,0.0,0.0,0.0,93.0
521,201652,78.0,0.0,0.0,0.0,1.0,79.0
522,201701,134.0,0.0,0.0,0.0,7.0,141.0
523,201702,165.0,0.0,2.0,0.0,6.0,173.0
524,201703,158.0,0.0,0.0,0.0,4.0,162.0
525,201704,187.0,0.0,1.0,0.0,7.0,195.0
526,201705,170.0,0.0,0.0,0.0,0.0,170.0
527,201706,166.0,0.0,0.0,0.0,1.0,167.0
528,201707,172.0,0.0,1.0,0.0,0.0,173.0
529,201708,90.0,0.0,0.0,0.0,0.0,90.0
530,201709,100.0,0.0,0.0,0.0,0.0,100.0
531,201710,92.0,0.0,0.0,0.0,0.0,92.0
532,201711,119.0,0.0,0.0,0.0,0.0,119.0
533,201712,96.0,0.0,0.0,0.0,0.0,96.0
534,201713,91.0,0.0,0.0,0.0,0.0,91.0
535,201714,91.0,0.0,0.0,0.0,1.0,92.0
536,201715,75.0,0.0,0.0,0.0,0.0,75.0
537,201716,71.0,0.0,0.0,0.0,0.0,71.0
538,201717,75.0,0.0,0.0,0.0,1.0,76.0
539,201718,71.0,0.0,0.0,0.0,0.0,71.0
540,201719,74.0,0.0,0.0,0.0,0.0,74.0
541,201720,41.0,0.0,0.0,0.0,0.0,41.0
542,201721,31.0,0.0,0.0,0.0,0.0,31.0
543,201722,43.0,0.0,0.0,0.0,0.0,43.0
544,201723,38.0,0.0,0.0,0.0,0.0,38.0
545,201724,24.0,0.0,0.0,0.0,0.0,24.0
546,201725,21.0,0.0,0.0,0.0,0.0,21.0
547,201726,16.0,0.0,0.0,0.0,0.0,16.0
548,201727,26.0,0.0,0.0,0.0,0.0,26.0
549,201728,25.0,0.0,0.0,0.0,0.0,25.0
550,201729,27.0,0.0,0.0,0.0,0.0,27.0
551,201730,22.0,0.0,0.0,0.0,1.0,23.0
552,201731,28.0,0.0,0.0,0.0,0.0,28.0
553,201732,20.0,0.0,0.0,0.0,0.0,20.0
554,201733,22.0,0.0,0.0,0.0,0.0,22.0
555,201734,29.0,0.0,0.0,0.0,0.0,29.0
556,201735,23.0,0.0,0.0,0.0,0.0,23.0
557,201736,23.0,0.0,0.0,0.0,0.0,23.0
558,201737,24.0,0.0,0.0,0.0,0.0,24.0
559,201738,39.0,0.0,0.0,0.0,0.0,39.0
560,201739,22.0,0.0,0.0,0.0,0.0,22.0
561,201740,44.0,0.0,0.0,0.0,0.0,44.0
562,201741,42.0,0.0,0.0,0.0,0.0,42.0
563,201742,47.0,0.0,0.0,0.0,0.0,47.0
564,201743,40.0,0.0,0.0,0.0,0.0,40.0
565,201744,25.0,0.0,0.0,0.0,0.0,25.0
566,201745,36.0,0.0,0.0,0.0,0.0,36.0
567,201746,36.0,0.0,0.0,0.0,0.0,36.0
568,201747,38.0,0.0,0.0,0.0,0.0,38.0
569,201748,27.0,0.0,0.0,0.0,0.0,27.0
570,201749,47.0,0.0,0.0,0.0,0.0,47.0
571,201750,47.0,0.0,0.0,0.0,0.0,47.0
572,201751,36.0,0.0,0.0,0.0,0.0,36.0
573,201752,42.0,0.0,0.0,0.0,0.0,42.0
574,201801,63.0,0.0,0.0,0.0,0.0,63.0
575,201802,75.0,0.0,0.0,0.0,0.0,75.0
576,201803,95.0,0.0,0.0,0.0,0.0,95.0
577,201804,73.0,0.0,0.0,0.0,0.0,73.0
578,201805,85.0,0.0,0.0,0.0,0.0,85.0
579,201806,57.0,0.0,0.0,0.0,0.0,57.0
580,201807,57.0,0.0,0.0,0.0,1.0,58.0
581,201808,85.0,1.0,0.0,0.0,0.0,86.0
582,201809,85.0,0.0,0.0,0.0,1.0,86.0
583,201810,140.0,0.0,0.0,0.0,0.0,140.0
584,201811,131.0,0.0,0.0,0.0,0.0,131.0
585,201812,150.0,0.0,0.0,0.0,0.0,150.0
586,201813,184.0,0.0,0.0,0.0,0.0,184.0
587,201814,224.0,0.0,1.0,0.0,0.0,225.0
588,201815,215.0,0.0,0.0,0.0,0.0,215.0
589,201816,196.0,1.0,0.0,0.0,0.0,197.0
590,201817,196.0,0.0,0.0,0.0,0.0,196.0
591,201818,227.0,0.0,0.0,0.0,0.0,227.0
592,201819,237.0,0.0,0.0,0.0,1.0,238.0
593,201820,227.0,0.0,0.0,0.0,0.0,227.0
594,201821,134.0,0.0,0.0,0.0,0.0,134.0
595,201822,140.0,0.0,0.0,0.0,0.0,140.0
596,201823,132.0,0.0,0.0,0.0,0.0,132.0
597,201824,127.0,0.0,0.0,0.0,0.0,127.0
598,201825,108.0,0.0,0.0,0.0,0.0,108.0
599,201826,127.0,0.0,0.0,0.0,0.0,127.0
600,201827,154.0,0.0,0.0,0.0,0.0,154.0
601,201828,104.0,0.0,0.0,0.0,0.0,104.0
602,201829,101.0,0.0,0.0,0.0,0.0,101.0
603,201830,87.0,0.0,0.0,0.0,0.0,87.0
604,201831,55.0,0.0,0.0,0.0,0.0,55.0
605,201832,79.0,0.0,0.0,0.0,0.0,79.0
606,201833,51.0,0.0,0.0,0.0,0.0,51.0
607,201834,44.0,0.0,0.0,0.0,0.0,44.0
608,201835,40.0,0.0,0.0,0.0,0.0,40.0
609,201836,37.0,0.0,0.0,0.0,0.0,37.0
610,201837,37.0,0.0,0.0,0.0,0.0,37.0
611,201838,43.0,0.0,0.0,0.0,0.0,43.0
612,201839,30.0,0.0,0.0,0.0,0.0,30.0
613,201840,50.0,0.0,0.0,0.0,0.0,50.0
614,201841,31.0,0.0,0.0,0.0,0.0,31.0
615,201842,47.0,0.0,0.0,0.0,0.0,47.0
616,201843,48.0,0.0,0.0,0.0,0.0,48.0
617,201844,38.0,0.0,0.0,0.0,0.0,38.0
618,201845,54.0,0.0,0.0,0.0,0.0,54.0
619,201846,50.0,0.0,0.0,0.0,0.0,50.0
620,201847,45.0,0.0,0.0,0.0,0.0,45.0
621,201848,74.0,0.0,0.0,0.0,0.0,74.0
622,201849,94.0,0.0,0.0,0.0,0.0,94.0
623,201850,97.0,0.0,0.0,0.0,0.0,97.0
624,201851,83.0,0.0,0.0,0.0,0.0,83.0
625,201852,109.0,0.0,0.0,0.0,0.0,109.0
626,201901,150.0,0.0,0.0,0.0,0.0,150.0
627,201902,127.0,0.0,0.0,0.0,0.0,127.0
628,201903,151.0,0.0,0.0,0.0,0.0,151.0
629,201904,144.0,0.0,0.0,0.0,0.0,144.0
630,201905,124.0,0.0,0.0,0.0,0.0,124.0
631,201906,114.0,0.0,0.0,0.0,0.0,114.0
632,201907,129.0,0.0,0.0,0.0,0.0,129.0
633,201908,126.0,0.0,0.0,0.0,0.0,126.0
634,201909,103.0,0.0,0.0,0.0,0.0,103.0
635,201910,156.0,0.0,0.0,0.0,0.0,156.0
636,201911,277.0,0.0,0.0,0.0,0.0,277.0
637,201912,369.0,0.0,4.0,0.0,0.0,373.0
638,201913,537.0,0.0,0.0,0.0,0.0,537.0
639,201914,782.0,0.0,0.0,0.0,0.0,782.0
640,201915,887.0,0.0,0.0,0.0,0.0,887.0
641,201916,922.0,0.0,0.0,0.0,0.0,922.0
642,201917,1074.0,0.0,0.0,0.0,0.0,1074.0
643,201918,1195.0,0.0,0.0,0.0,0.0,1195.0
644,201919,1371.0,0.0,0.0,0.0,0.0,1371.0
645,201920,1176.0,0.0,0.0,0.0,0.0,1176.0
646,201921,1129.0,0.0,0.0,0.0,0.0,1129.0
647,201922,896.0,0.0,0.0,0.0,0.0,896.0
648,201923,715.0,0.0,0.0,0.0,0.0,715.0
649,201924,544.0,0.0,0.0,0.0,0.0,544.0
650,201925,404.0,0.0,0.0,0.0,0.0,404.0
651,201926,364.0,0.0,0.0,0.0,0.0,364.0
652,201927,342.0,0.0,0.0,0.0,0.0,342.0
653,201928,203.0,0.0,0.0,0.0,0.0,203.0
654,201929,158.0,0.0,0.0,0.0,0.0,158.0
655,201930,105.0,0.0,0.0,0.0,0.0,105.0
656,201931,116.0,0.0,0.0,0.0,0.0,116.0
657,201932,100.0,0.0,0.0,0.0,0.0,100.0
658,201933,90.0,0.0,0.0,0.0,0.0,90.0
659,201934,50.0,0.0,0.0,0.0,0.0,50.0
660,201935,49.0,0.0,0.0,0.0,0.0,49.0
661,201936,40.0,0.0,0.0,0.0,0.0,40.0
662,201937,45.0,0.0,0.0,0.0,0.0,45.0
663,201938,53.0,0.0,0.0,0.0,0.0,53.0
664,201939,33.0,0.0,0.0,0.0,0.0,33.0
665,201940,56.0,0.0,0.0,0.0,0.0,56.0
666,201941,50.0,0.0,0.0,0.0,0.0,50.0
667,201942,51.0,0.0,0.0,0.0,0.0,51.0
668,201943,49.0,0.0,0.0,0.0,0.0,49.0
669,201944,29.0,0.0,0.0,0.0,0.0,29.0
670,201945,50.0,0.0,0.0,0.0,0.0,50.0
671,201946,39.0,0.0,0.0,0.0,0.0,39.0
672,201947,37.0,0.0,0.0,0.0,0.0,37.0
673,201948,43.0,0.0,0.0,0.0,0.0,43.0
674,201949,35.0,0.0,0.0,0.0,0.0,35.0
675,201950,50.0,0.0,0.0,0.0,0.0,50.0
676,201951,44.0,0.0,0.0,0.0,0.0,44.0
677,201952,41.0,0.0,0.0,0.0,0.0,41.0
678,202001,58.0,0.0,0.0,0.0,0.0,58.0
679,202002,72.0,0.0,0.0,0.0,0.0,72.0
680,202003,64.0,0.0,1.0,0.0,0.0,65.0
681,202004,50.0,0.0,0.0,0.0,0.0,50.0
682,202005,54.0,0.0,1.0,0.0,0.0,55.0
683,202006,41.0,0.0,0.0,0.0,0.0,41.0
684,202007,51.0,0.0,0.0,0.0,0.0,51.0
685,202008,44.0,0.0,0.0,0.0,0.0,44.0
686,202009,38.0,0.0,1.0,0.0,0.0,39.0
687,202010,48.0,0.0,0.0,0.0,0.0,48.0
688,202011,38.0,1.0,0.0,0.0,0.0,39.0
689,202012,21.0,0.0,0.0,0.0,0.0,21.0
690,202013,28.0,0.0,0.0,0.0,0.0,28.0
691,202014,27.0,0.0,0.0,0.0,0.0,27.0
692,202015,14.0,0.0,0.0,0.0,0.0,14.0
693,202016,20.0,0.0,0.0,0.0,0.0,20.0
694,202017,17.0,0.0,0.0,0.0,0.0,17.0
695,202018,16.0,0.0,0.0,0.0,0.0,16.0
696,202019,18.0,0.0,0.0,0.0,0.0,18.0
697,202020,7.0,0.0,0.0,0.0,0.0,7.0
698,202021,6.0,0.0,0.0,0.0,0.0,6.0
699,202022,5.0,0.0,0.0,0.0,0.0,5.0
700,202023,5.0,0.0,0.0,0.0,0.0,5.0
701,202024,8.0,0.0,0.0,0.0,0.0,8.0
702,202025,7.0,0.0,0.0,0.0,0.0,7.0
703,202026,7.0,0.0,0.0,0.0,0.0,7.0
704,202027,7.0,0.0,0.0,0.0,0.0,7.0
705,202028,9.0,0.0,0.0,0.0,0.0,9.0
706,202029,9.0,0.0,0.0,0.0,0.0,9.0
707,202030,9.0,0.0,0.0,0.0,0.0,9.0
708,202031,6.0,0.0,0.0,0.0,0.0,6.0
709,202032,8.0,0.0,0.0,0.0,0.0,8.0
710,202033,8.0,0.0,0.0,0.0,0.0,8.0
711,202034,4.0,0.0,0.0,0.0,0.0,4.0
712,202035,6.0,0.0,0.0,0.0,0.0,6.0
713,202036,3.0,0.0,0.0,0.0,0.0,3.0
714,202037,4.0,0.0,0.0,0.0,0.0,4.0
715,202038,6.0,0.0,0.0,0.0,0.0,6.0
716,202039,7.0,0.0,0.0,0.0,0.0,7.0
717,202040,3.0,0.0,0.0,0.0,0.0,3.0
718,202041,8.0,0.0,0.0,0.0,0.0,8.0
719,202042,4.0,0.0,0.0,0.0,0.0,4.0
720,202043,14.0,0.0,0.0,0.0,0.0,14.0
721,202044,4.0,0.0,0.0,0.0,0.0,4.0
722,202045,5.0,0.0,0.0,0.0,0.0,5.0
723,202046,7.0,0.0,0.0,0.0,0.0,7.0
724,202047,5.0,0.0,0.0,0.0,0.0,5.0
725,202048,8.0,0.0,0.0,0.0,0.0,8.0
726,202049,9.0,0.0,0.0,0.0,0.0,9.0
727,202050,4.0,0.0,0.0,0.0,0.0,4.0
728,202051,4.0,0.0,0.0,0.0,0.0,4.0
729,202052,5.0,0.0,0.0,0.0,0.0,5.0
730,202053,3.0,0.0,0.0,0.0,0.0,3.0
731,202101,5.0,0.0,0.0,0.0,0.0,5.0
732,202102,6.0,0.0,0.0,0.0,0.0,6.0
733,202103,5.0,0.0,0.0,0.0,0.0,5.0
734,202104,20.0,0.0,0.0,0.0,0.0,20.0
735,202105,16.0,0.0,1.0,0.0,0.0,17.0
736,202106,12.0,0.0,0.0,0.0,0.0,12.0
737,202107,11.0,0.0,0.0,0.0,0.0,11.0
738,202108,21.0,0.0,0.0,0.0,0.0,21.0
739,202109,13.0,0.0,0.0,0.0,0.0,13.0
740,202110,20.0,0.0,0.0,0.0,0.0,20.0
741,202111,29.0,0.0,0.0,0.0,0.0,29.0
742,202112,25.0,0.0,3.0,0.0,0.0,28.0
743,202113,33.0,0.0,1.0,0.0,0.0,34.0
744,202114,41.0,0.0,2.0,0.0,0.0,43.0
745,202115,42.0,0.0,1.0,0.0,0.0,43.0
746,202116,18.0,0.0,3.0,0.0,0.0,21.0
747,202117,34.0,0.0,0.0,0.0,0.0,34.0
748,202118,18.0,0.0,1.0,0.0,0.0,19.0
749,202119,26.0,0.0,2.0,0.0,0.0,28.0
750,202120,42.0,0.0,3.0,0.0,0.0,45.0
751,202121,35.0,0.0,1.0,0.0,0.0,36.0
752,202122,31.0,0.0,2.0,0.0,0.0,33.0
753,202123,22.0,0.0,4.0,0.0,0.0,26.0
754,202124,19.0,0.0,4.0,0.0,0.0,23.0
755,202125,13.0,0.0,2.0,0.0,0.0,15.0
756,202126,22.0,0.0,3.0,0.0,0.0,25.0
757,202127,16.0,1.0,4.0,0.0,0.0,21.0
758,202128,13.0,1.0,1.0,0.0,0.0,15.0
759,202129,13.0,0.0,2.0,0.0,0.0,15.0
760,202130,6.0,0.0,0.0,0.0,0.0,6.0
761,202131,8.0,0.0,0.0,0.0,0.0,8.0
762,202132,4.0,0.0,3.0,0.0,0.0,7.0
763,202133,8.0,0.0,0.0,0.0,0.0,8.0
764,202134,12.0,0.0,0.0,0.0,0.0,12.0
765,202135,11.0,0.0,0.0,0.0,0.0,11.0
766,202136,8.0,0.0,0.0,0.0,0.0,8.0
767,202137,6.0,0.0,0.0,0.0,0.0,6.0
768,202138,3.0,0.0,0.0,0.0,0.0,3.0
769,202139,6.0,0.0,0.0,0.0,0.0,6.0
770,202140,4.0,0.0,0.0,0.0,0.0,4.0
771,202141,6.0,0.0,0.0,0.0,0.0,6.0
772,202142,5.0,0.0,0.0,0.0,0.0,5.0
773,202143,2.0,0.0,0.0,0.0,0.0,2.0
774,202144,4.0,0.0,0.0,0.0,0.0,4.0
775,202145,3.0,0.0,0.0,0.0,0.0,3.0
776,202146,15.0,0.0,0.0,0.0,0.0,15.0
777,202147,12.0,0.0,1.0,0.0,0.0,13.0
778,202148,17.0,0.0,0.0,0.0,0.0,17.0
779,202149,14.0,0.0,1.0,0.0,0.0,15.0
780,202150,4.0,0.0,1.0,0.0,0.0,5.0
781,202151,3.0,0.0,0.0,0.0,0.0,3.0
782,202152,1.0,0.0,0.0,0.0,0.0,1.0
